,Unnamed: 0,structure,nsites
6,6,"data_image0
_chemical_formula_structural       Al2Fe18
_chemical_formula_sum              ""Al2 Fe18""
_cell_length_a       7.08705
_cell_length_b       7.08705
_cell_length_c       5.10662
_cell_angle_alpha    90
_cell_angle_beta     90
_cell_angle_gamma    120

_space_group_name_H-M_alt    ""P 1""
_space_group_IT_number       1

loop_
  _space_group_symop_operation_xyz
  'x, y, z'

loop_
  _atom_site_type_symbol
  _atom_site_label
  _atom_site_symmetry_multiplicity
  _atom_site_fract_x
  _atom_site_fract_y
  _atom_site_fract_z
  _atom_site_occupancy
  Al  Al1       1.0  0.00000  0.00000  0.00000  1.0000
  Al  Al2       1.0  0.33333  0.66667  0.00000  1.0000
  Fe  Fe1       1.0  0.69025  0.78761  0.55697  1.0000
  Fe  Fe2       1.0  0.21239  0.90264  0.55697  1.0000
  Fe  Fe3       1.0  0.09736  0.30975  0.55697  1.0000
  Fe  Fe4       1.0  0.69025  0.90264  0.44304  1.0000
  Fe  Fe5       1.0  0.09736  0.78761  0.44304  1.0000
  Fe  Fe6       1.0  0.21239  0.30975  0.44304  1.0000
  Fe  Fe7       1.0  0.27718  0.17384  0.69283  1.0000
  Fe  Fe8       1.0  0.82616  0.10333  0.69283  1.0000
  Fe  Fe9       1.0  0.89667  0.72282  0.69283  1.0000
  Fe  Fe10      1.0  0.27718  0.10333  0.30717  1.0000
  Fe  Fe11      1.0  0.89667  0.17384  0.30717  1.0000
  Fe  Fe12      1.0  0.82616  0.72282  0.30717  1.0000
  Fe  Fe13      1.0  0.35285  0.91840  0.41849  1.0000
  Fe  Fe14      1.0  0.08160  0.43445  0.41849  1.0000
  Fe  Fe15      1.0  0.56555  0.64715  0.41849  1.0000
  Fe  Fe16      1.0  0.35285  0.43445  0.58151  1.0000
  Fe  Fe17      1.0  0.56555  0.91840  0.58151  1.0000
  Fe  Fe18      1.0  0.08160  0.64715  0.58151  1.0000
",20
